{
  "Logging": {
    "LogLevel": {
      "Default": "Warning"
    }
  },
  "ConnectionStrings": {
    "QLWL": "Server=192.168.30.124;Port=3306;Database=liveminisns;Uid=root;Pwd=root;CharSet=utf8mb4;",
    "CCLIP": "Server=192.168.30.124;Port=3306;Database=liveclip;Uid=root;Pwd=root;CharSet=utf8mb4;"
  },
  "AppSettings": {
    "RedisPath": "192.168.30.124:6379",
    // 邮件配置
    "MailSettings": {
      "SmtpHost": "smtp.tom.com",
      "EnableSSL": "false",
      "Name": "smileheibai@tom.com",
      "Pwd": "vzan...123",
      "NickName": "系统通知",
      "ToEmail": "smileheibai@tom.com",
      "SubjectPrefix": "云剪辑--",
      "LogErrorWithMail": "true", // 是否错误发送邮件
      "LogErrorMailSubject": "异常",
      "RedisPrefixKey": "clip:mail"
    }
  },
  "AllowedHosts": "*"
}