<?xml version="1.0"?>
<doc>
    <assembly>
        <name>Web.Clip</name>
    </assembly>
    <members>
        <member name="T:Web.Clip.RequestAccessor">
            <summary>
            请求包含授权信息
            </summary>
        </member>
        <member name="P:Web.Clip.RequestAccessor.LiveAppApi">
            <summary>
            直播App Api
            </summary>
        </member>
        <member name="M:Web.Clip.RequestAccessor.LoginUserAsync">
            <summary>
            登录用户
            </summary>
        </member>
        <member name="M:Web.Clip.RequestAccessor.IsLoginAsync">
            <summary>
            是否已经登录
            </summary>
        </member>
        <member name="M:Web.Clip.RequestAccessor.CurrentSiteInfoAsync">
            <summary>
            当前直播间
            </summary>
        </member>
        <member name="M:Web.Clip.RequestAccessor.CurrentTopicAsync">
            <summary>
            当前话题
            </summary>
        </member>
        <member name="M:Web.Clip.RequestAccessor.LiveBasicInfoAsync">
            <summary>
            基础信息
            </summary>
        </member>
        <member name="M:Web.Clip.RequestAccessor.ChkUserBtnRightAsync(System.String,Live.Entity.QLWL.Entities.zbUserInfo,System.Int32)">
            <summary>
            检验用户按钮权限
            </summary>
            <param name="accessBtnName">要检查的名称，多个用 | 隔开</param>
            <param name="user">要检查的名称，多个用 | 隔开</param>
            <param name="siteId">直播间Id</param>
            <returns></returns>
        </member>
        <member name="T:Web.Clip.Controllers.CClipTaskController">
            <summary>
            供剪辑服务器调用接口
            </summary>
        </member>
        <member name="F:Web.Clip.Controllers.CClipTaskController.taskPrefix">
            <summary>
            任务ID 前缀
            </summary>
        </member>
        <member name="M:Web.Clip.Controllers.CClipTaskController.UnifiedProcess">
            <summary>
            统一处理入口
            </summary>
            <returns></returns>
        </member>
        <member name="M:Web.Clip.Controllers.CClipTaskController.TaskHearBeat">
            <summary>
            心跳检测
            </summary>
            <returns></returns>
        </member>
        <member name="M:Web.Clip.Controllers.CClipTaskController.CClipTaskUnifiedProcessAsync(Live.Domain.Interfaces.ICClipTaskService,System.Guid,Live.Entity.Enums.CClipTaskMsgCodeEnum,System.String)">
            <summary>
            云剪辑任务统一处理
            </summary>
            <param name="svc">服务</param>
            <param name="taskId">任务Id</param>
            <param name="msgCode">任务反馈码</param>
            <param name="msgValue">反馈值</param>
        </member>
        <member name="T:Web.Clip.Controllers.PageController">
            <summary>
            页面控制器(不校验登录和相关权限)
            </summary>
        </member>
        <member name="M:Web.Clip.Controllers.PageController.CClip(System.Int32)">
            <summary>
            视频剪辑
            </summary>
            <returns></returns>
        </member>
        <member name="M:Web.Clip.Controllers.PageController.MvCClip(System.Int32)">
            <summary>
            小视频剪辑
            </summary>
            <returns></returns>
        </member>
        <member name="T:Web.Clip.Controllers.StatisticsController">
            <summary>
            统计控制器
            </summary>
        </member>
        <member name="M:Web.Clip.Controllers.StatisticsController.#ctor(Web.Clip.RequestAccessor)">
            <summary>
            构造函数
            </summary>
            <param name="accessor"></param>
        </member>
        <member name="M:Web.Clip.Controllers.StatisticsController.IncrementClick(System.Int32,System.Nullable{System.Byte})">
            <summary>
            累计点击
            </summary>
            <param name="tid">话题Id</param>
            <param name="ct">点击类型</param>
            <returns></returns>
        </member>
        <member name="T:Web.Clip.Controllers.V1.CClipController">
            <summary>
            视频剪辑Api控制器
            </summary>
        </member>
        <member name="F:Web.Clip.Controllers.V1.CClipController.accessor">
            <summary>
            请求的授权信息
            </summary>
        </member>
        <member name="P:Web.Clip.Controllers.V1.CClipController.CClipSvc">
            <summary>
            视频剪辑服务
            </summary>
        </member>
        <member name="M:Web.Clip.Controllers.V1.CClipController.#ctor(Web.Clip.RequestAccessor)">
            <summary>
            构造函数
            </summary>
            <param name="accessor"></param>
        </member>
        <member name="M:Web.Clip.Controllers.V1.CClipController.Project">
            <summary>
            获取工程记录
            </summary>
            <param name="tid">话题Id</param>
            <returns></returns>
        </member>
        <member name="M:Web.Clip.Controllers.V1.CClipController.Project(Live.Entity.ViewModels.ValueVM{System.String})">
            <summary>
            保存工程
            </summary>
            <param name="tid">话题Id</param>
            <param name="saveData">提交的数据</param>
            <returns></returns>
        </member>
        <member name="M:Web.Clip.Controllers.V1.CClipController.TaskRecordProcess(System.Int32,System.Guid)">
            <summary>
            任务记录进度
            </summary>
            <param name="tid">话题Id</param>
            <param name="taskId">任务id</param>
            <returns></returns>
        </member>
        <member name="M:Web.Clip.Controllers.V1.CClipController.PublishProject(System.Guid,Live.Entity.ViewModels.CClipSaveVM)">
            <summary>
            发布剪辑
            </summary>
            <param name="tid">话题Id</param>
            <param name="taskId">任务id</param>
            <param name="saveData">保存的数据</param>
            <returns></returns>
        </member>
        <member name="M:Web.Clip.Controllers.V1.CClipController.ResetPrevVideo(System.Guid)">
            <summary>
            恢复上一个回放视频
            </summary>
            <param name="tid">话题Id</param>
            <param name="taskId">任务id</param>
            <returns></returns>
        </member>
        <member name="M:Web.Clip.Controllers.V1.CClipController.StopTaskRecord(System.Int32,System.Guid)">
            <summary>
            取消任务
            </summary>
            <param name="tid">话题Id</param>
            <param name="taskId">任务id</param>
            <returns></returns>
        </member>
        <member name="T:Web.Clip.Controllers.V1.CClipMvController">
            <summary>
            小视频剪辑api控制器
            </summary>
        </member>
        <member name="F:Web.Clip.Controllers.V1.CClipMvController.accessor">
            <summary>
            请求的授权信息
            </summary>
        </member>
        <member name="P:Web.Clip.Controllers.V1.CClipMvController.CClipSvc">
            <summary>
            小视频剪辑服务
            </summary>
        </member>
        <member name="M:Web.Clip.Controllers.V1.CClipMvController.#ctor(Web.Clip.RequestAccessor)">
            <summary>
            构造函数
            </summary>
            <param name="accessor"></param>
        </member>
        <member name="M:Web.Clip.Controllers.V1.CClipMvController.Project">
            <summary>
            获取工程记录
            </summary>
            <param name="tid">话题Id</param>
            <returns></returns>
        </member>
        <member name="M:Web.Clip.Controllers.V1.CClipMvController.Project(Live.Entity.ViewModels.ValueVM{System.String})">
            <summary>
            保存工程
            </summary>
            <param name="tid">话题Id</param>
            <param name="saveData">提交的数据</param>
            <returns></returns>
        </member>
        <member name="M:Web.Clip.Controllers.V1.CClipMvController.TaskRecordProcess(System.Int32,System.Collections.Generic.List{System.Guid})">
            <summary>
            任务记录进度
            </summary>
            <param name="tid">话题Id</param>
            <param name="taskIds">任务Id</param>
            <returns></returns>
        </member>
        <member name="M:Web.Clip.Controllers.V1.CClipMvController.PublishProject(System.Guid,Live.Entity.ViewModels.CClipMvSaveVM)">
            <summary>
            发布小视频剪辑
            </summary>
            <param name="tid">话题Id</param>
            <param name="taskId">任务id</param>
            <param name="saveData">保存的数据</param>
            <returns></returns>
        </member>
        <member name="M:Web.Clip.Controllers.V1.CClipMvController.StopTaskRecord(System.Int32,System.Guid)">
            <summary>
            取消任务
            </summary>
            <param name="tid">话题Id</param>
            <param name="taskId">任务id</param>
            <returns></returns>
        </member>
        <member name="M:Web.Clip.Controllers.V1.CClipMvController.Vod(System.Int32)">
            <summary>
            删除视频剪辑出的小视频
            </summary>
            <param name="vid">小视频id</param>
            <returns></returns>
        </member>
        <member name="M:Web.Clip.Controllers.V1.CClipMvController.MixTask(System.Guid)">
            <summary>
            删除合成任务
            </summary>
            <param name="tid"></param>
            <param name="taskId"></param>
            <returns></returns>
        </member>
        <member name="M:Web.Clip.Controllers.ValuesController.Get">
            <summary>
            
            </summary>
            <returns></returns>
        </member>
        <member name="T:Web.Clip.Filters.HttpActionFilter">
            <summary>
            Http 方法过滤器
            </summary>
        </member>
        <member name="M:Web.Clip.Filters.HttpActionFilter.#ctor(Web.Clip.RequestAccessor)">
            <summary>
            构造函数
            </summary>
            <param name="userAccessor"></param>
        </member>
        <member name="P:Web.Clip.Filters.HttpActionFilter.LiveAppApi">
            <summary>
            直播App Api
            </summary>
        </member>
        <member name="M:Web.Clip.Filters.HttpActionFilter.OnActionExecutionAsync(Microsoft.AspNetCore.Mvc.Filters.ActionExecutingContext,Microsoft.AspNetCore.Mvc.Filters.ActionExecutionDelegate)">
            <summary>
            方法执行前预判
            </summary>
            <param name="actionContext"></param>
            <param name="next"></param>
            <returns></returns>
        </member>
        <member name="M:Web.Clip.Filters.HttpActionFilter.ExecuteCheckAccessAsync(Microsoft.AspNetCore.Mvc.Filters.ActionExecutingContext)">
            <summary>
            执行相关权限检查
            </summary>
            <param name="actionContext"></param>
            <returns></returns>
        </member>
        <member name="M:Web.Clip.Filters.HttpActionFilter.CheckAccessAsync(Live.Core.Attributes.CheckAccessAttribute)">
            <summary>
            检查权限
            </summary>
            <param name="chkAccessor">检测信息</param>
            <returns></returns>
        </member>
        <member name="T:Web.Clip.Filters.AppOAuthAttribute">
            <summary>
            授权验证
            </summary>
        </member>
        <member name="M:Web.Clip.Filters.AppOAuthAttribute.OnActionExecutionAsync(Microsoft.AspNetCore.Mvc.Filters.ActionExecutingContext,Microsoft.AspNetCore.Mvc.Filters.ActionExecutionDelegate)">
            <summary>
            
            </summary>
            <param name="context"></param>
            <param name="next"></param>
            <returns></returns>
        </member>
        <member name="T:Web.Clip.Filters.HttpGlobalExceptionFilter">
            <summary>
            Http全局异常过滤
            </summary>
        </member>
        <member name="M:Web.Clip.Filters.HttpGlobalExceptionFilter.OnException(Microsoft.AspNetCore.Mvc.Filters.ExceptionContext)">
            <summary>
            异常处理
            </summary>
            <param name="context"></param>
        </member>
        <member name="T:Web.Clip.Startup">
            <summary>
            服务启动类
            </summary>
        </member>
        <member name="P:Web.Clip.Startup.HostingEnvironment">
            <summary>
            host 环境变量
            </summary>
        </member>
        <member name="M:Web.Clip.Startup.#ctor(Microsoft.Extensions.Configuration.IConfiguration,Microsoft.AspNetCore.Hosting.IHostingEnvironment)">
            <summary>
            构造函数
            </summary>
            <param name="configuration"></param>
            <param name="env"></param>
        </member>
        <member name="M:Web.Clip.Startup.ConfigureServices(Microsoft.Extensions.DependencyInjection.IServiceCollection)">
            <summary>
            注册服务
            This method gets called by the runtime. Use this method to add services to the container.
            </summary>
            <param name="services"></param>
        </member>
        <member name="M:Web.Clip.Startup.Configure(Microsoft.AspNetCore.Builder.IApplicationBuilder,Microsoft.AspNetCore.Hosting.IHostingEnvironment)">
            <summary>
            注册配置
            // This method gets called by the runtime. Use this method to configure the HTTP request pipeline.
            </summary>
            <param name="app"></param>
            <param name="env"></param>
        </member>
        <member name="T:Microsoft.AspNetCore.Builder.WebClipApplicationBuilderExtensions">
            <summary>
            app 扩展
            </summary>
        </member>
        <member name="M:Microsoft.AspNetCore.Builder.WebClipApplicationBuilderExtensions.UseCustomConfiguration(Microsoft.AspNetCore.Builder.IApplicationBuilder)">
            <summary>
             使用自定义配置
            </summary>
            <param name="app"></param>
            <returns></returns>
        </member>
        <member name="T:Microsoft.Extensions.DependencyInjection.WebClipServiceCollectionExtensions">
            <summary>
            服务扩展
            </summary>
        </member>
        <member name="M:Microsoft.Extensions.DependencyInjection.WebClipServiceCollectionExtensions.AddApiVersion(Microsoft.Extensions.DependencyInjection.IServiceCollection)">
            <summary>
            添加 API 版本控制扩展方法
            </summary>
            <param name="services">生命周期中注入的服务集合 <see cref="T:Microsoft.Extensions.DependencyInjection.IServiceCollection"/></param>
        </member>
        <member name="M:Microsoft.Extensions.DependencyInjection.WebClipServiceCollectionExtensions.AddCustomConfiguration(Microsoft.Extensions.DependencyInjection.IServiceCollection,Microsoft.AspNetCore.Hosting.IHostingEnvironment)">
            <summary>
            添加自定义配置
            </summary>
            <param name="services">生命周期中注入的服务集合 <see cref="T:Microsoft.Extensions.DependencyInjection.IServiceCollection"/></param>
            <returns></returns>
        </member>
    </members>
</doc>
